SIZE,SIZEtitle
637 х 600,1147×1080
640 х 600,1152×1080
743 х 600,1339×1080
675 х 600,1215×1080
623 х 600,1123×1080
800 х 501,1722×1080
687 х 600,1238×1080
800 х 501,1722×1080
800 х 413,2087×1080
800 х 453,1907×1080
800 х 453,1907×1080
800 х 426,2028×1080
800 х 456,1893×1080
800 х 424,2033×1080
800 х 432,2000×1080
487 х 600,1080×1328
489 х 600,1080×1325
463 х 600,1080×1398
600 х 600,1080×1080
800 х 558,1548×1080
600 х 600,1080×1080
653 х 600,1177×1080
800 х 510,1691×1080
800 х 559,1543×1080
800 х 559,1543×1080
670 х 600,1206×1080
610 х 600,1098×1080
800 х 584,1479×1080
800 х 559,1543×1080
800 х 559,1543×1080
800 х 395,2182×1080
800 х 420,2057×1080
797 х 600,1436×1080
737 х 600,1328×1080
653 х 600,1176×1080
800 х 452,1910×1080
800 х 371,2323×1080
800 х 353,2441×1080
637 х 600,1148×1080
600 х 600,1080×1080
800 х 371,2323×1080
637 х 600,1148×1080
600 х 600,1080×1080
600 х 600,1080×1080
600 х 600,1080×1080
682 х 600,1229×1080
673 х 600,1212×1080
474 х 600,1080×1367
506 х 600,1080×1280
612 х 600,1103×1080
800 х 533,1620×1080
800 х 566,1526×1080
800 х 566,1526×1080
800 х 566,1526×1080
600 х 600,1080×1080
800 х 533,1620×1080
600 х 600,1080×1080
600 х 600,1080×1080
600 х 600,1080×1080
600 х 600,1080×1080
800 х 360,2395×1080
600 х 600,1080×1080
600 х 600,1080×1080
600 х 600,1080×1080
600 х 600,1080×1080
708 х 600,1276×1080
708 х 600,1276×1080
800 х 533,1620×1080
600 х 600,1080×1080
600 х 600,1080×1080
600 х 600,1080×1080
800 х 400,2160×1080
800 х 533,1620×1080
800 х 360,2395×1080
800 х 550,1569×1080
600 х 600,1080×1080
600 х 600,1080×1080
600 х 600,1080×1080
800 х 550,1569×1080
600 х 600,1080×1080
800 х 493,1750×1080
600 х 600,1080×1080
800 х 493,1750×1080
600 х 600,1080×1080
600 х 600,1080×1080
602 х 600,1085×1080
800 х 412,2097×1080
600 х 600,1080×1080
600 х 600,1080×1080
600 х 600,1080×1080
800 х 412,2097×1080
800 х 462,1870×1080
800 х 523,1650×1080
800 х 412,2097×1080
600 х 600,1080×1080
800 х 596,1448×1080
800 х 412,2097×1080
602 х 600,1085×1080
600 х 600,1080×1080
600 х 600,1080×1080
600 х 600,1080×1080
600 х 600,1080×1080
600 х 600,1080×1080
600 х 600,1080×1080
800 х 412,2097×1080
800 х 412,2097×1080
600 х 600,1080×1080
600 х 600,1080×1080
600 х 600,1080×1080
600 х 600,1080×1080
600 х 600,1080×1080
600 х 600,1080×1080
600 х 600,1080×1080
600 х 600,1080×1080
600 х 600,1080×1080
590 х 600,1080×1097
673 х 600,1213×1080
600 х 600,1080×1080
800 х 559,1543×1080
800 х 559,1543×1080
800 х 559,1543×1080
658 х 600,1186×1080
800 х 559,1543×1080
800 х 559,1543×1080
635 х 600,1144×1080
800 х 533,1621×1080
635 х 600,1144×1080
800 х 533,1620×1080
580 х 600,1080×1117
800 х 559,1543×1080
580 х 600,1080×1117
600 х 600,1080×1080
600 х 600,1080×1080
600 х 600,1080×1080
800 х 559,1543×1080
580 х 600,1080×1117
800 х 559,1543×1080
580 х 600,1080×1117
800 х 477,1811×1080
293 х 600,1080×2211
600 х 600,1080×1080
676 х 600,1218×1080
293 х 600,1080×2211
800 х 477,1811×1080
800 х 477,1811×1080
800 х 477,1811×1080
600 х 600,1080×1080
600 х 600,1080×1080
600 х 600,1080×1080
651 х 600,1172×1080
600 х 600,1080×1080
676 х 600,1218×1080
600 х 600,1080×1080
800 х 559,1543×1080
800 х 559,1543×1080
800 х 559,1543×1080
800 х 559,1543×1080
651 х 600,1172×1080
800 х 559,1543×1080
800 х 559,1543×1080
800 х 559,1543×1080
800 х 559,1543×1080
800 х 477,1811×1080
800 х 477,1811×1080
800 х 559,1543×1080
658 х 600,1186×1080
800 х 559,1543×1080
800 х 559,1543×1080
800 х 588,1469×1080
497 х 600,1080×1303
600 х 600,1080×1080
800 х 559,1543×1080
800 х 445,1938×1080
800 х 588,1469×1080
800 х 445,1938×1080
800 х 559,1543×1080
600 х 600,1080×1080
800 х 559,1543×1080
600 х 600,1080×1080
800 х 559,1543×1080
800 х 559,1543×1080
600 х 600,1080×1080
524 х 600,1080×1236
600 х 600,1080×1080
600 х 600,1080×1080
800 х 372,2317×1080
800 х 372,2317×1080
600 х 600,1080×1080
600 х 600,1080×1080
600 х 600,1080×1080
600 х 600,1080×1080
600 х 600,1080×1080
600 х 600,1080×1080
293 х 600,1080×2211
800 х 487,1773×1080
800 х 487,1773×1080
293 х 600,1080×2211
600 х 600,1080×1080
600 х 600,1080×1080
600 х 600,1080×1080
600 х 600,1080×1080
600 х 600,1080×1080
600 х 600,1080×1080
465 х 600,1080×1391
465 х 600,1080×1391
497 х 600,1080×1303
800 х 389,2221×1080
600 х 600,1080×1080
600 х 600,1080×1080
600 х 600,1080×1080
800 х 389,2221×1080
600 х 600,1080×1080
465 х 600,1080×1391
600 х 600,1080×1080
600 х 600,1080×1080
600 х 600,1080×1080
465 х 600,1080×1391
458 х 600,1080×1414
600 х 600,1080×1080
600 х 600,1080×1080
600 х 600,1080×1080
600 х 600,1080×1080
600 х 600,1080×1080
600 х 600,1080×1080
600 х 600,1080×1080
600 х 600,1080×1080
497 х 600,1080×1303
800 х 563,1534×1080
600 х 600,1080×1080
600 х 600,1080×1080
696 х 600,1254×1080
600 х 600,1080×1080
800 х 563,1534×1080
494 х 600,1080×1310
494 х 600,1080×1310
800 х 459,1880×1080
494 х 600,1080×1310
494 х 600,1080×1310
800 х 396,2177×1080
800 х 459,1880×1080
800 х 396,2177×1080
300 х 600,1080×2160
600 х 600,1080×1080
600 х 600,1080×1080
600 х 600,1080×1080
800 х 505,1709×1080
800 х 412,2096×1080
800 х 412,2096×1080
800 х 470,1838×1080
800 х 385,2239×1080
800 х 460,1876×1080
747 х 600,1346×1080
800 х 460,1876×1080
298 х 600,1080×2168
800 х 468,1844×1080
600 х 600,1080×1080
600 х 600,1080×1080
600 х 600,1080×1080
800 х 582,1484×1080
800 х 400,2160×1080
600 х 600,1080×1080
600 х 600,1080×1080
800 х 400,2160×1080
600 х 600,1080×1080
300 х 600,1080×2160
600 х 600,1080×1080
600 х 600,1080×1080
600 х 600,1080×1080
600 х 600,1080×1080
600 х 600,1080×1080
600 х 600,1080×1080
600 х 600,1080×1080
800 х 560,1542×1080
600 х 600,1080×1080
800 х 571,1512×1080
800 х 527,1637×1080
800 х 450,1916×1080
800 х 568,1520×1080
800 х 571,1512×1080
800 х 445,1941×1080
800 х 571,1512×1080
800 х 500,1725×1080
800 х 368,2343×1080
800 х 571,1512×1080
800 х 571,1512×1080
800 х 375,2300×1080
800 х 411,2101×1080
800 х 500,1725×1080
611 х 600,1101×1080
611 х 600,1101×1080
520 х 600,1080×1245
686 х 600,1236×1080
686 х 600,1236×1080
725 х 600,1305×1080
520 х 600,1080×1245
546 х 600,1080×1185
800 х 430,2008×1080
476 х 600,1080×1361
795 х 600,1432×1080
704 х 600,1268×1080
704 х 600,1268×1080
795 х 600,1432×1080
476 х 600,1080×1361
800 х 430,2008×1080
704 х 600,1268×1080
800 х 563,1534×1080
800 х 430,2008×1080
699 х 600,1259×1080
699 х 600,1259×1080
699 х 600,1259×1080
800 х 500,1728×1080
799 х 555,1554×1080
800 х 505,1708×1080
800 х 498,1734×1080
800 х 505,1709×1080
798 х 600,1438×1080
741 х 600,1335×1080
408 х 600,1080×1587
800 х 491,1759×1080
798 х 600,1438×1080
600 х 600,1080×1080
408 х 600,1080×1587
799 х 555,1554×1080
408 х 600,1080×1587
600 х 600,1080×1080
408 х 600,1080×1587
800 х 548,1575×1080
660 х 600,1188×1080
762 х 600,1373×1080
800 х 464,1859×1080
800 х 554,1558×1080
799 х 542,1593×1080
800 х 505,1708×1080
800 х 588,1468×1080
728 х 600,1312×1080
800 х 520,1660×1080
800 х 476,1813×1080
800 х 471,1832×1080
800 х 446,1936×1080
800 х 460,1876×1080
800 х 416,2074×1080
707 х 600,1274×1080
800 х 450,1920×1080
257 х 600,1080×2512
800 х 341,2527×1080
257 х 600,1080×2512
800 х 341,2527×1080
800 х 357,2418×1080
800 х 357,2418×1080
800 х 567,1523×1080
800 х 567,1523×1080
800 х 578,1493×1080
800 х 578,1493×1080
800 х 298,2891×1080
300 х 600,1080×2160
300 х 600,1080×2160
631 х 600,1136×1080
646 х 600,1163×1080
644 х 600,1160×1080
542 х 600,1080×1194
542 х 600,1080×1194
800 х 299,2883×1080
800 х 327,2640×1080
800 х 288,3000×1080
800 х 569,1517×1080
800 х 569,1517×1080
226 х 600,1080×2859
221 х 600,1080×2928
400 х 600,1080×1620
252 х 600,1080×2565
800 х 574,1504×1080
800 х 538,1603×1080
800 х 557,1551×1080
800 х 400,2160×1080
401 х 600,1080×1615
800 х 299,2883×1080
800 х 574,1504×1080
754 х 600,1358×1080
800 х 299,2883×1080
396 х 600,1080×1634
800 х 544,1588×1080
800 х 314,2746×1080
800 х 558,1547×1080
444 х 600,1080×1457
595 х 600,1080×1088
800 х 599,1442×1080
800 х 286,3016×1080
800 х 559,1545×1080
800 х 555,1555×1080
800 х 308,2803×1080
632 х 600,1139×1080
623 х 600,1122×1080
182 х 600,1080×3560
580 х 600,1080×1117
800 х 445,1938×1080
175 х 600,1080×3682
622 х 600,1121×1080
800 х 478,1805×1080
584 х 600,1080×1109
544 х 600,1080×1190
731 х 600,1316×1080
731 х 600,N/A
732 х 600,1318×1080
732 х 600,N/A
780 х 600,1405×1080
800 х 438,1971×1080
800 х 527,1639×1080
800 х 412,2096×1080
800 х 517,1671×1080
800 х 547,1577×1080
800 х 521,1658×1080
600 х 600,1080×1080
800 х 517,1671×1080
735 х 600,1323×1080
600 х 600,1080×1080
600 х 600,1080×1080
600 х 600,1080×1080
600 х 600,1080×1080
800 х 521,1658×1080
424 х 600,1080×1527
424 х 600,1080×1527
800 х 489,1765×1080
800 х 577,1497×1080
700 х 600,1260×1080
531 х 600,1080×1220
531 х 600,1080×1220
700 х 600,1260×1080
734 х 600,1322×1080
487 х 600,1080×1328
800 х 477,1811×1080
241 х 600,1080×2685
236 х 600,1080×2738
750 х 600,1350×1080
800 х 521,1657×1080
800 х 559,1543×1080
800 х 559,1543×1080
800 х 559,1543×1080
800 х 559,1543×1080
800 х 559,N/A
800 х 559,1543×1080
800 х 559,1543×1080
476 х 600,1080×1359
800 х 559,1543×1080
800 х 559,1543×1080
606 х 600,1092×1080
606 х 600,N/A
800 х 559,1543×1080
600 х 600,1080×1080
600 х 600,1080×1080
530 х 600,1080×1221
530 х 600,N/A
600 х 600,1080×1080
486 х 600,1080×1333
277 х 600,1080×2337
800 х 517,1671×1080
800 х 517,N/A
800 х 462,1868×1080
370 х 600,1080×1751
600 х 600,1080×1080
489 х 600,1080×1324
800 х 462,1868×1080
376 х 600,1080×1719
800 х 521,1658×1080
327 х 600,1080×1980
489 х 600,1080×1324
800 х 462,1868×1080
800 х 462,1868×1080
800 х 520,1661×1080
800 х 536,1611×1080
800 х 509,1696×1080
609 х 600,1097×1080
800 х 519,1663×1080
800 х 513,1682×1080
800 х 502,1721×1080
800 х 513,1681×1080
800 х 537,1608×1080
800 х 565,1529×1080
600 х 600,1080×1080
600 х 600,1080×1080
600 х 600,1080×1080
800 х 553,1561×1080
799 х 588,1467×1080
600 х 600,1080×1080
600 х 600,1080×1080
800 х 581,1485×1080
800 х 596,1449×1080
600 х 600,1080×1080
600 х 600,1080×1080
799 х 592,1458×1080
600 х 600,1080×1080
600 х 600,1080×1080
522 х 600,1080×1240
548 х 600,1080×1182
750 х 600,1350×1080
750 х 600,N/A
561 х 600,1080×1154
600 х 600,1080×1080
602 х 600,1084×1080
602 х 600,N/A
800 х 501,1722×1080
600 х 600,1080×1080
800 х 498,1734×1080
800 х 477,1811×1080
600 х 600,1080×1080
800 х 503,1717×1080
600 х 600,1080×1080
735 х 600,1324×1080
800 х 559,1543×1080
600 х 600,1080×1080
421 х 600,1080×1538
800 х 559,1543×1080
600 х 600,1080×1080
743 х 600,1339×1080
650 х 600,1171×1080
714 х 600,1286×1080
800 х 377,2288×1080
600 х 600,1080×1080
459 х 600,1080×1410
800 х 377,2288×1080
600 х 600,1080×1080
459 х 600,1080×1410
800 х 565,1528×1080
600 х 600,1080×1080
800 х 565,1528×1080
800 х 559,1543×1080
800 х 559,1543×1080
706 х 600,1271×1080
757 х 600,1363×1080
800 х 349,2470×1080
800 х 337,2559×1080
800 х 349,2470×1080
800 х 313,2760×1080
800 х 337,2559×1080
800 х 313,2760×1080
800 х 337,2563×1080
800 х 337,2563×1080
800 х 522,1655×1080
800 х 522,1655×1080
800 х 449,1922×1080
800 х 449,1922×1080
800 х 551,1567×1080
800 х 551,1567×1080
800 х 344,2508×1080
800 х 344,2508×1080
428 х 600,1080×1514
799 х 309,2788×1080
799 х 309,2788×1080
799 х 324,2660×1080
799 х 324,2660×1080
800 х 333,2592×1080
800 х 333,2592×1080
800 х 482,1792×1080
800 х 482,1792×1080
800 х 497,1738×1080
600 х 600,1080×1080
600 х 600,1080×1080
202 х 600,1080×3197
202 х 600,1080×3197
800 х 497,1738×1080
800 х 600,1440×1080
800 х 600,1440×1080
551 х 600,1080×1176
693 х 600,1248×1080
800 х 600,1440×1080
600 х 600,1080×1080
600 х 600,1080×1080
800 х 500,1725×1080
800 х 500,1725×1080
800 х 477,1810×1080
800 х 477,1810×1080
800 х 557,1550×1080
800 х 557,1550×1080
473 х 600,1080×1369
130 х 600,1080×4959
130 х 600,1080×4959
620 х 600,1116×1080
204 х 600,1080×3166
196 х 600,1080×3295
573 х 600,1080×1130
486 х 600,1080×1332
492 х 600,1080×1315
607 х 600,1093×1080
237 х 600,1080×2723
638 х 600,1149×1080
603 х 600,1086×1080
287 х 600,1080×2253
283 х 600,1080×2282
687 х 600,1238×1080
240 х 600,1080×2693
478 х 600,1080×1355
468 х 600,1080×1384
470 х 600,1080×1377
800 х 336,2571×1080
431 х 600,1080×1503
800 х 362,2386×1080
800 х 348,2480×1080
414 х 600,1080×1563
800 х 374,2307×1080
600 х 600,1080×1080
600 х 600,1080×1080
357 х 600,1080×1813
197 х 600,1080×3284
800 х 383,2255×1080
197 х 600,1080×3284
672 х 600,1211×1080
672 х 600,1211×1080
600 х 600,1080×1080
600 х 600,1080×1080
800 х 504,1714×1080
800 х 502,1720×1080
800 х 542,1592×1080
800 х 515,1676×1080
800 х 502,1720×1080
800 х 389,2218×1080
800 х 502,1720×1080
513 х 600,1080×1261
800 х 470,1836×1080
800 х 400,2160×1080
553 х 600,1080×1170
800 х 343,2516×1080
800 х 470,1836×1080
800 х 470,1836×1080
225 х 600,1080×2880
800 х 533,1620×1080
727 х 600,1310×1080
225 х 600,1080×2880
800 х 386,2235×1080
713 х 600,1284×1080
800 х 386,2235×1080
800 х 541,1597×1080
800 х 414,2084×1080
800 х 541,1597×1080
800 х 590,1463×1080
800 х 460,1875×1080
800 х 541,1597×1080
800 х 392,2204×1080
800 х 400,2160×1080
499 х 600,1080×1298
800 х 572,1509×1080
501 х 600,1080×1293
503 х 600,1080×1287
503 х 600,1080×1287
601 х 600,1083×1080
800 х 400,2160×1080
447 х 600,1080×1448
800 х 400,2160×1080
672 х 600,1211×1080
588 х 600,1080×1101
409 х 600,1080×1581
304 х 600,1080×2125
406 х 600,1080×1593
364 х 600,1080×1776
800 х 580,1488×1080
600 х 600,1080×1080
717 х 600,1292×1080
800 х 551,1566×1080
717 х 600,1292×1080
800 х 400,2160×1080
600 х 600,1080×1080
717 х 600,1292×1080
717 х 600,1292×1080
800 х 400,2160×1080
800 х 598,1443×1080
800 х 598,1443×1080
800 х 598,1443×1080
768 х 600,1384×1080
768 х 600,1384×1080
768 х 600,1384×1080
681 х 600,1226×1080
655 х 600,1180×1080
728 х 600,1312×1080
655 х 600,1180×1080
413 х 600,1080×1566
728 х 600,1312×1080
681 х 600,1226×1080
413 х 600,1080×1566
413 х 600,1080×1566
413 х 600,1080×1566
413 х 600,1080×1566
413 х 600,1080×1566
413 х 600,1080×1566
413 х 600,1080×1566
704 х 600,1268×1080
589 х 600,1080×1100
589 х 600,1080×1100
704 х 600,1268×1080
589 х 600,1080×1100
704 х 600,1268×1080
800 х 597,1445×1080
600 х 600,1080×1080
620 х 600,1116×1080
762 х 600,1372×1080
600 х 600,1080×1080
600 х 600,1080×1080
731 х 600,1317×1080
600 х 600,1080×1080
676 х 600,1217×1080
731 х 600,1317×1080
729 х 600,1313×1080
731 х 600,1317×1080
600 х 600,1080×1080
800 х 493,1749×1080
800 х 401,2154×1080
800 х 552,1565×1080
800 х 276,3127×1080
800 х 276,3127×1080
800 х 276,3127×1080
539 х 600,1080×1202
562 х 600,1080×1152
513 х 600,1080×1261
800 х 429,2011×1080
800 х 429,2011×1080
800 х 447,1930×1080
800 х 447,1930×1080
533 х 600,1080×1214
541 х 600,1080×1196
672 х 600,1211×1080
527 х 600,1080×1228
544 х 600,1080×1190
527 х 600,1080×1228
463 х 600,1080×1399
463 х 600,1080×1399
608 х 600,1096×1080
800 х 374,2307×1080
800 х 360,2400×1080
800 х 361,2390×1080
800 х 531,1626×1080
800 х 531,1626×1080
800 х 315,2741×1080
800 х 315,2741×1080
800 х 176,4909×1080
800 х 237,3644×1080
452 х 600,1080×1432
452 х 600,1080×1432
562 х 600,1080×1152
535 х 600,1080×1210
800 х 328,2628×1080
600 х 600,1080×1080
439 х 600,1080×1475
800 х 328,2628×1080
439 х 600,1080×1475
646 х 600,1163×1080
710 х 600,1279×1080
636 х 600,1146×1080
733 х 600,1321×1080
600 х 600,1080×1080
533 х 600,1080×1215
600 х 600,1080×1080
600 х 600,1080×1080
533 х 600,1080×1215
800 х 544,1587×1080
533 х 600,1080×1215
533 х 600,1080×1215
800 х 535,1613×1080
533 х 600,1080×1215
600 х 600,1080×1080
600 х 600,1080×1080
800 х 213,4055×1080
600 х 600,1080×1080
600 х 600,1080×1080
800 х 588,1469×1080
800 х 372,2320×1080
600 х 600,1080×1080
600 х 600,1080×1080
600 х 600,1080×1080
485 х 600,1080×1335
486 х 600,1080×1333
447 х 600,1080×1449
348 х 600,1080×1859
502 х 600,1080×1289
345 х 600,1080×1875
800 х 336,2571×1080
787 х 600,1418×1080
480 х 600,1080×1348
752 х 600,1355×1080
600 х 600,1081×1080
735 х 600,1324×1080
796 х 600,1433×1080
799 х 588,1467×1080
580 х 600,1080×1116
648 х 600,1167×1080
800 х 535,1612×1080
800 х 517,1670×1080
714 х 600,1286×1080
600 х 600,1080×1080
772 х 600,1391×1080
474 х 600,1080×1367
487 х 600,1080×1330
469 х 600,1080×1381
600 х 600,1080×1080
600 х 600,1080×1080
544 х 600,1080×1190
385 х 600,1080×1682
600 х 600,1080×1080
388 х 600,1080×1669
544 х 600,1080×1190
553 х 600,1080×1170
322 х 600,1080×2011
553 х 600,1080×1170
315 х 600,1080×2053
623 х 600,1122×1080
623 х 600,N/A
800 х 299,2883×1080
800 х 315,2737×1080
400 х 600,1080×1617
311 х 600,1080×2077
342 х 600,1080×1891
600 х 600,1080×1080
800 х 455,1895×1080
800 х 537,1608×1080
604 х 600,1088×1080
587 х 600,1080×1103
570 х 600,1080×1136
305 х 600,1080×2122
456 х 600,1080×1419
800 х 303,2850×1080
800 х 303,2850×1080
600 х 600,1080×1080
569 х 600,1080×1137
540 х 600,1080×1199
540 х 600,N/A
600 х 600,1080×1080
600 х 600,1080×1080
540 х 600,1080×1199
540 х 600,N/A
439 х 600,1080×1473
450 х 600,1080×1438
448 х 600,1080×1444
448 х 600,N/A
433 х 600,1080×1496
751 х 600,1353×1080
217 х 600,1080×2983
422 х 600,1080×1534
211 х 600,1080×3068
414 х 600,1080×1563
800 х 474,1819×1080
501 х 600,1080×1293
600 х 600,1080×1080
397 х 600,1080×1631
600 х 600,1080×1080
398 х 600,1080×1625
488 х 600,1080×1327
800 х 553,1560×1080
488 х 600,1080×1327
631 х 600,1136×1080
631 х 600,N/A
600 х 600,1080×1080
306 х 600,1080×2114
600 х 600,1080×1080
482 х 600,1080×1344
482 х 600,1080×1344
286 х 600,1080×2262
482 х 600,1080×1344
453 х 600,1080×1430
287 х 599,1080×2251
304 х 600,1080×2130
271 х 600,1080×2386
266 х 600,1080×2431
305 х 600,1080×2124
800 х 454,1900×1080
600 х 600,1080×1080
482 х 600,1080×1344
257 х 600,1080×2521
799 х 351,2455×1080
800 х 400,2160×1080
600 х 600,1080×1080
266 х 600,1080×2433
800 х 408,2114×1080
428 х 600,1080×1511
800 х 400,2160×1080
308 х 600,1080×2102
475 х 600,1080×1364
800 х 400,2160×1080
800 х 400,2160×1080
800 х 400,2160×1080
800 х 400,2160×1080
412 х 600,1080×1570
648 х 600,1168×1080
800 х 400,2160×1080
475 х 600,1080×1364
600 х 600,1080×1080
600 х 600,1080×1080
800 х 400,2160×1080
800 х 423,2040×1080
600 х 600,1080×1080
800 х 413,2092×1080
600 х 600,1080×1080
600 х 600,1080×1080
800 х 400,2160×1080
800 х 400,2160×1080
600 х 600,1080×1080
618 х 600,1113×1080
482 х 600,1080×1344
600 х 600,1080×1080
452 х 600,1080×1432
600 х 600,1080×1080
475 х 600,1080×1364
227 х 600,1080×2850
600 х 600,1080×1080
800 х 571,1511×1080
800 х 572,1509×1080
800 х 571,1511×1080
800 х 571,1511×1080
800 х 572,1509×1080
800 х 554,1558×1080
800 х 572,1509×1080
800 х 571,1511×1080
514 х 600,1080×1260
800 х 572,1509×1080
800 х 571,1511×1080
600 х 600,1080×1080
452 х 600,1080×1433
486 х 600,1080×1332
478 х 600,1080×1354
543 х 600,1080×1192
590 х 600,1080×1097
539 х 600,1080×1202
800 х 569,1518×1080
800 х 447,1930×1080
800 х 565,1528×1080
600 х 600,1080×1080
395 х 600,1080×1640
627 х 600,1129×1080
462 х 600,1080×1401
115 х 600,1080×5618
115 х 600,1080×5618
183 х 600,1080×3535
613 х 600,1105×1080
600 х 600,1080×1080
608 х 600,1095×1080
515 х 600,1080×1257
561 х 600,1080×1154
462 х 600,1080×1401
115 х 600,1080×5618
565 х 600,1080×1145
650 х 600,1171×1080
175 х 600,1080×3682
583 х 600,1080×1111
549 х 600,1080×1179
600 х 600,1080×1080
600 х 600,1080×1080
590 х 600,1080×1098
711 х 600,1280×1080
175 х 600,1080×3682
600 х 600,1080×1080
600 х 600,1080×1080
600 х 600,1080×1080
600 х 600,1080×1080
676 х 600,1218×1080
676 х 600,1218×1080
676 х 600,1218×1080
625 х 600,1125×1080
625 х 600,1125×1080
626 х 600,1128×1080
625 х 600,1125×1080
600 х 600,1080×1080
623 х 600,1123×1080
625 х 600,1125×1080
600 х 600,1080×1080
378 х 600,1080×1711
378 х 600,1080×1711
545 х 600,1080×1187
496 х 600,1080×1305
378 х 600,1080×1711
621 х 600,1118×1080
378 х 600,1080×1711
600 х 600,1080×1080
378 х 600,1080×1711
378 х 600,1080×1711
621 х 600,1118×1080
575 х 600,1080×1126
568 х 600,1080×1140
545 х 600,1080×1187
523 х 600,1080×1237
378 х 600,1080×1711
378 х 600,1080×1711
378 х 600,1080×1711
600 х 600,1080×1080
574 х 600,1080×1128
503 х 600,1080×1287
592 х 600,1080×1093
518 х 600,1080×1249
581 х 600,1080×1115
497 х 600,1080×1303
504 х 600,1080×1285
800 х 326,2646×1080
467 х 600,1080×1386
800 х 326,2646×1080
378 х 600,1080×1711
378 х 600,1080×1711
467 х 600,1080×1386
517 х 600,1080×1253
378 х 600,1080×1711
800 х 302,2858×1080
800 х 302,2858×1080
378 х 600,1080×1711
378 х 600,1080×1711
378 х 600,1080×1711
378 х 600,1080×1711
378 х 600,1080×1711
